time,latitude,longitude,track_ids
2015-06-03 04:43:46,-10.94810514,-37.07220638,38013
2015-06-03 04:43:52,-10.94800507,-37.07229714,38013
2015-06-03 04:43:59,-10.94789549,-37.07241239,38013
2015-06-03 04:44:04,-10.9477635,-37.07254083,38013
2015-06-03 04:44:10,-10.94751591,-37.07277862,38013
2015-06-03 04:44:21,-10.94702347,-37.07327517,38013
2015-06-03 04:44:26,-10.94679639,-37.07350935,38013
2015-06-03 04:44:31,-10.94657862,-37.07369856,38013
2015-06-03 04:44:38,-10.94633457,-37.07393781,38013
2015-06-03 04:44:43,-10.9461224,-37.07414733,38013
2015-06-03 04:44:52,-10.94572321,-37.07453301,38013
2015-06-03 04:44:57,-10.94555718,-37.07469044,38013
2015-06-03 04:45:05,-10.9451597,-37.0750717,38013
2015-06-03 04:45:11,-10.9449404,-37.07529849,38013
2015-06-03 04:45:17,-10.94473377,-37.07546209,38013
2015-06-03 04:45:25,-10.94473187,-37.07547402,38013
2015-06-03 04:45:31,-10.94456808,-37.0756443,38013
2015-06-03 04:45:36,-10.94433206,-37.07589732,38013
2015-06-03 04:45:42,-10.94398242,-37.07624697,38013
2015-06-03 04:45:47,-10.94371449,-37.07650798,38013
2015-06-03 04:45:53,-10.94341383,-37.07681921,38013
2015-06-03 04:45:58,-10.94309981,-37.07710314,38013
2015-06-03 04:46:03,-10.94277369,-37.07743898,38013
2015-06-03 04:46:10,-10.94239054,-37.07782323,38013
2015-06-03 04:46:18,-10.94227709,-37.07790386,38013
2015-06-03 04:46:24,-10.94211591,-37.07802606,38013
2015-06-03 04:46:31,-10.94185542,-37.07830071,38013
2015-06-03 04:46:37,-10.94170819,-37.0784761,38013
2015-06-03 04:46:42,-10.94147187,-37.07869837,38013
2015-06-03 04:46:51,-10.94101257,-37.07913998,38013
2015-06-03 04:46:57,-10.94072866,-37.07941141,38013
2015-06-03 04:47:05,-10.94053158,-37.07961856,38013
2015-06-03 04:47:10,-10.94052953,-37.07961055,38013
2015-06-03 04:47:15,-10.94051795,-37.07962512,38013
2015-06-03 04:47:23,-10.94051204,-37.07962412,38013
2015-06-03 04:47:30,-10.94051224,-37.07962414,38013
2015-06-03 04:47:36,-10.9405122,-37.07962413,38013
2015-06-03 04:47:41,-10.94046489,-37.07966486,38013
2015-06-03 04:47:48,-10.94018091,-37.08001476,38013
2015-06-03 04:47:56,-10.93981821,-37.08034975,38013
2015-06-03 14:40:27,-10.9219381,-37.09919864,38016
2015-06-03 14:40:37,-10.92227447,-37.0982178,38016
2015-06-03 14:40:49,-10.92231381,-37.09812191,38016
2015-06-03 14:41:00,-10.92240347,-37.0978519,38016
2015-06-03 14:41:13,-10.92246754,-37.09773299,38016
2015-06-03 14:41:24,-10.92247025,-37.09773193,38016
2015-06-03 14:41:37,-10.92254806,-37.09748917,38016
2015-06-03 14:41:50,-10.92256271,-37.0974385,38016
2015-06-03 14:42:00,-10.92257467,-37.09738417,38016
2015-06-03 14:42:18,-10.92261503,-37.09719872,38016
2015-06-03 14:42:29,-10.92269067,-37.09696732,38016
2015-06-03 14:42:45,-10.92276955,-37.09673751,38016
2015-06-03 14:42:56,-10.92276704,-37.09673887,38016
2015-06-03 14:43:09,-10.92280949,-37.09661065,38016
2015-06-03 14:43:20,-10.92284378,-37.09648737,38016
2015-06-03 14:43:33,-10.92287843,-37.09628663,38016
2015-06-03 14:43:46,-10.92291222,-37.09608905,38016
2015-06-03 14:43:59,-10.9229085,-37.09606496,38016
2015-06-03 14:44:09,-10.9229173,-37.09592728,38016
2015-06-03 14:44:19,-10.92290696,-37.09572922,38016
2015-06-03 14:44:30,-10.92290215,-37.09561533,38016
2015-06-03 14:44:46,-10.92289669,-37.09539702,38016
2015-06-03 14:45:00,-10.92283568,-37.09513879,38016
2015-06-03 14:45:15,-10.9228216,-37.09507622,38016
2015-06-03 14:45:28,-10.92275856,-37.09485328,38016
2015-06-03 14:45:41,-10.92269291,-37.09464818,38016
2015-06-03 14:45:55,-10.922688,-37.09465684,38016
2015-06-03 14:46:06,-10.92265868,-37.09455744,38016
2015-06-03 14:46:16,-10.92259957,-37.09438624,38016
2015-06-03 14:46:27,-10.92246296,-37.09403342,38016
2015-06-03 14:46:39,-10.92215743,-37.09309291,38016
2015-06-03 14:46:52,-10.92157604,-37.09167837,38016
2015-06-03 14:47:03,-10.92117633,-37.09070343,38016
2015-06-03 14:47:14,-10.92092459,-37.08980774,38016
2015-06-03 14:47:24,-10.9207201,-37.08925634,38016
2015-06-03 14:47:34,-10.92029171,-37.08832592,38016
2015-06-03 14:47:44,-10.91990314,-37.08725469,38016
2015-06-03 14:47:55,-10.91936966,-37.08582023,38016
2015-06-03 14:48:06,-10.91896833,-37.08422213,38016
2015-06-03 14:48:18,-10.91886356,-37.08250036,38016
2015-06-05 12:45:30,-10.98310269,-37.05906118,38017
2015-06-05 12:45:40,-10.98250287,-37.0604824,38017
2015-06-05 12:45:48,-10.98218158,-37.06109453,38017
2015-06-05 12:45:54,-10.98210141,-37.06122441,38017
2015-06-05 12:46:01,-10.98200677,-37.06139351,38017
2015-06-05 12:46:06,-10.98197073,-37.06153179,38017
2015-06-05 12:46:12,-10.98195644,-37.0615944,38017
2015-06-05 12:46:20,-10.98182705,-37.06187079,38017
2015-06-05 12:46:26,-10.98156631,-37.06239365,38017
2015-06-05 12:46:32,-10.98126188,-37.06302619,38017
2015-06-05 12:46:37,-10.98096209,-37.06364781,38017
2015-06-05 12:46:43,-10.98055601,-37.06445291,38017
2015-06-05 12:46:56,-10.97982046,-37.06590987,38017
2015-06-05 12:47:02,-10.97950361,-37.06634022,38017
2015-06-05 12:47:07,-10.97919039,-37.06680488,38017
2015-06-05 12:47:18,-10.97861804,-37.06799173,38017
2015-06-05 12:47:23,-10.97840937,-37.06800958,38017
2015-06-05 12:47:29,-10.97817675,-37.06794613,38017
2015-06-05 12:47:35,-10.97812229,-37.06801507,38017
2015-06-05 12:47:40,-10.97793846,-37.06821201,38017
2015-06-05 12:47:47,-10.97760411,-37.06864667,38017
2015-06-05 12:47:53,-10.97722083,-37.06913625,38017
2015-06-05 12:48:00,-10.97674343,-37.06971212,38017
2015-06-05 12:48:07,-10.97640861,-37.07013606,38017
2015-06-05 12:48:14,-10.976041,-37.07062169,38017
2015-06-05 12:48:26,-10.97544024,-37.07130401,38017
2015-06-05 12:48:31,-10.97544703,-37.07129687,38017
2015-06-05 12:48:39,-10.97506175,-37.07103572,38017
2015-06-05 12:48:46,-10.974435,-37.07053045,38017
2015-06-05 12:48:53,-10.9736465,-37.06989615,38017
2015-06-05 12:48:58,-10.9731122,-37.06947016,38017
2015-06-05 12:49:10,-10.97255926,-37.06902574,38017
2015-06-05 12:49:17,-10.97194678,-37.06852037,38017
2015-06-05 12:49:22,-10.97140843,-37.06807081,38017
2015-06-05 12:49:29,-10.9707254,-37.06748677,38017
2015-06-05 12:49:36,-10.97032029,-37.06714913,38017
2015-06-05 12:49:43,-10.97001245,-37.06690615,38017
2015-06-05 12:49:48,-10.96961809,-37.06658188,38017
2015-06-05 12:49:55,-10.96891028,-37.0660205,38017
2015-06-05 12:50:00,-10.9685759,-37.06575813,38017
2015-06-09 04:06:59,-10.97357403,-37.06859447,38019
2015-06-09 04:07:05,-10.97341241,-37.06842863,38019
2015-06-09 04:07:11,-10.97339179,-37.06841102,38019
2015-06-09 04:07:16,-10.97322907,-37.0683224,38019
2015-06-09 04:07:21,-10.97298009,-37.06811313,38019
2015-06-09 04:07:28,-10.97258133,-37.06776971,38019
2015-06-09 04:07:34,-10.97220171,-37.06745867,38019
2015-06-09 04:07:47,-10.97187541,-37.06720143,38019
2015-06-09 04:07:55,-10.97148215,-37.06685901,38019
2015-06-09 04:08:00,-10.97121323,-37.06665932,38019
2015-06-09 04:08:10,-10.97077533,-37.0662958,38019
2015-06-09 04:08:15,-10.97069709,-37.06627361,38019
2015-06-09 04:08:21,-10.97049478,-37.0664929,38019
2015-06-09 04:08:30,-10.97014263,-37.06695133,38019
2015-06-09 04:08:36,-10.97012315,-37.06698291,38019
2015-06-09 04:08:43,-10.96999318,-37.06692273,38019
2015-06-09 04:08:49,-10.96976018,-37.0667253,38019
2015-06-09 04:08:55,-10.96954488,-37.06655515,38019
2015-06-09 04:09:02,-10.96912268,-37.06618205,38019
2015-06-09 04:09:07,-10.96886067,-37.06590996,38019
2015-06-09 04:09:15,-10.96839457,-37.06549673,38019
2015-06-09 04:09:22,-10.96800036,-37.06529542,38019
2015-06-09 04:09:33,-10.96747865,-37.06503068,38019
2015-06-09 04:09:41,-10.96684055,-37.06488037,38019
2015-06-09 04:09:52,-10.96614873,-37.06612652,38019
2015-06-09 04:09:57,-10.96594496,-37.06688872,38019
2015-06-09 04:10:05,-10.9656344,-37.06806444,38019
2015-06-09 04:10:13,-10.96489786,-37.06881933,38019
2015-06-09 04:10:22,-10.96378459,-37.06887621,38019
2015-06-09 04:10:30,-10.96320712,-37.06893345,38019
2015-06-09 04:10:36,-10.96286477,-37.06893878,38019
2015-06-09 04:10:42,-10.96254649,-37.06894221,38019
2015-06-09 04:10:51,-10.96241822,-37.06896177,38019
2015-06-09 04:10:56,-10.96238768,-37.06896051,38019
2015-06-09 04:11:05,-10.96208612,-37.06898924,38019
2015-06-09 04:11:10,-10.96190212,-37.06899529,38019
2015-06-09 04:11:16,-10.96174748,-37.06899688,38019
2015-06-09 04:11:21,-10.96172456,-37.06899648,38019
2015-06-09 04:11:31,-10.96173004,-37.06899785,38019
2015-06-09 04:11:38,-10.96165097,-37.06899923,38019
2015-06-10 13:51:23,-10.92495593,-37.1036172,38020
2015-06-10 13:51:23,-10.92495593,-37.1036172,38021
2015-06-10 13:51:28,-10.92487487,-37.10366993,38020
2015-06-10 13:51:28,-10.92487487,-37.10366993,38021
2015-06-10 13:51:35,-10.92489332,-37.10369244,38020
2015-06-10 13:51:35,-10.92489332,-37.10369244,38021
2015-06-10 13:51:40,-10.92490245,-37.103703,38020
2015-06-10 13:51:40,-10.92490245,-37.103703,38021
2015-06-10 13:51:49,-10.92490313,-37.10369957,38020
2015-06-10 13:51:49,-10.92490313,-37.10369957,38021
2015-06-10 13:51:55,-10.92490114,-37.10369874,38020
2015-06-10 13:51:55,-10.92490114,-37.10369874,38021
2015-06-10 13:52:02,-10.92483331,-37.10367806,38020
2015-06-10 13:52:02,-10.92483331,-37.10367806,38021
2015-06-10 13:52:07,-10.92461333,-37.10366835,38020
2015-06-10 13:52:07,-10.92461333,-37.10366835,38021
2015-06-10 13:52:13,-10.92433775,-37.10363376,38020
2015-06-10 13:52:13,-10.92433775,-37.10363376,38021
2015-06-10 13:52:18,-10.92421781,-37.10329967,38020
2015-06-10 13:52:18,-10.92421781,-37.10329967,38021
2015-06-10 13:52:24,-10.92403614,-37.10302186,38020
2015-06-10 13:52:24,-10.92403614,-37.10302186,38021
2015-06-10 13:52:32,-10.92397543,-37.1029241,38020
2015-06-10 13:52:32,-10.92397543,-37.1029241,38021
2015-06-10 13:52:38,-10.92355261,-37.10260284,38020
2015-06-10 13:52:38,-10.92355261,-37.10260284,38021
2015-06-10 13:52:45,-10.92314317,-37.10263111,38020
2015-06-10 13:52:45,-10.92314317,-37.10263111,38021
2015-06-10 13:52:50,-10.92267717,-37.10265224,38020
2015-06-10 13:52:50,-10.92267717,-37.10265224,38021
2015-06-10 13:52:56,-10.92238304,-37.10264164,38020
2015-06-10 13:52:56,-10.92238304,-37.10264164,38021
2015-06-10 13:53:03,-10.92224135,-37.1025633,38020
2015-06-10 13:53:03,-10.92224135,-37.1025633,38021
2015-06-10 13:53:09,-10.92219178,-37.10206353,38020
2015-06-10 13:53:09,-10.92219178,-37.10206353,38021
2015-06-10 13:53:21,-10.92218813,-37.10110886,38020
2015-06-10 13:53:21,-10.92218813,-37.10110886,38021
2015-06-10 13:53:26,-10.92222751,-37.10065654,38020
2015-06-10 13:53:26,-10.92222751,-37.10065654,38021
2015-06-10 13:53:39,-10.92269435,-37.09996517,38020
2015-06-10 13:53:39,-10.92269435,-37.09996517,38021
2015-06-10 13:53:45,-10.92270155,-37.099829,38020
2015-06-10 13:53:45,-10.92270155,-37.099829,38021
2015-06-10 13:53:53,-10.9222859,-37.09982008,38020
2015-06-10 13:53:53,-10.9222859,-37.09982008,38021
2015-06-10 13:54:02,-10.9219799,-37.09938391,38020
2015-06-10 13:54:02,-10.9219799,-37.09938391,38021
2015-06-10 13:54:09,-10.92217904,-37.09861203,38020
2015-06-10 13:54:09,-10.92217904,-37.09861203,38021
2015-06-10 13:54:14,-10.92241437,-37.09790257,38020
2015-06-10 13:54:14,-10.92241437,-37.09790257,38021
2015-06-10 13:54:20,-10.92271381,-37.09698814,38020
2015-06-10 13:54:20,-10.92271381,-37.09698814,38021
2015-06-10 13:54:25,-10.92291792,-37.09613774,38020
2015-06-10 13:54:25,-10.92291792,-37.09613774,38021
2015-06-10 13:54:30,-10.92290405,-37.0953946,38020
2015-06-10 13:54:30,-10.92290405,-37.0953946,38021
2015-06-10 13:54:37,-10.922764,-37.09473988,38020
2015-06-10 13:54:37,-10.922764,-37.09473988,38021
2015-06-10 13:54:52,-10.92238584,-37.09371392,38020
2015-06-10 13:54:52,-10.92238584,-37.09371392,38021
2015-06-10 13:54:57,-10.92221352,-37.09327876,38020
2015-06-10 13:54:57,-10.92221352,-37.09327876,38021
2015-06-10 13:55:05,-10.92202949,-37.09273968,38020
2015-06-10 13:55:05,-10.92202949,-37.09273968,38021
2015-06-10 13:55:10,-10.9218942,-37.09236766,38020
2015-06-10 13:55:10,-10.9218942,-37.09236766,38021
2015-06-10 13:55:16,-10.92171583,-37.09191684,38020
2015-06-10 13:55:16,-10.92171583,-37.09191684,38021
2015-06-10 13:55:22,-10.92154395,-37.09148125,38020
2015-06-10 13:55:22,-10.92154395,-37.09148125,38021
2015-06-10 13:55:27,-10.92139569,-37.09106914,38020
2015-06-10 13:55:27,-10.92139569,-37.09106914,38021
2015-06-10 13:55:35,-10.92120347,-37.09055463,38020
2015-06-10 13:55:35,-10.92120347,-37.09055463,38021
2015-06-10 13:55:40,-10.92109147,-37.09029577,38020
2015-06-10 13:55:40,-10.92109147,-37.09029577,38021
2015-06-10 13:55:46,-10.92096426,-37.08994586,38020
2015-06-10 13:55:46,-10.92096426,-37.08994586,38021
2015-06-17 14:52:24,-10.92144846,-37.10247946,38022
2015-06-17 14:52:34,-10.92141278,-37.10112086,38022
2015-06-17 14:52:44,-10.9217133,-37.09982293,38022
2015-06-17 14:52:56,-10.92232398,-37.09813359,38022
2015-06-17 14:53:06,-10.92276047,-37.09683437,38022
2015-06-17 14:53:19,-10.92289686,-37.0951805,38022
2015-06-17 14:53:32,-10.92256423,-37.09419354,38022
2015-06-17 14:53:45,-10.92234745,-37.0936476,38022
2015-06-17 14:53:58,-10.92198266,-37.09262561,38022
2015-06-17 14:54:09,-10.92167308,-37.09172039,38022
2015-06-17 14:54:20,-10.92128965,-37.09071878,38022
2015-06-17 14:54:30,-10.92100717,-37.08998382,38022
2015-06-17 14:54:42,-10.92078412,-37.08933374,38022
2015-06-17 14:54:54,-10.92061597,-37.08891018,38022
2015-06-17 14:55:05,-10.92053021,-37.08869871,38022
2015-06-17 14:55:17,-10.92020719,-37.08791347,38022
2015-06-17 14:55:27,-10.91979951,-37.0868105,38022
2015-06-17 14:55:41,-10.91913983,-37.0849561,38022
2015-06-17 14:55:52,-10.9189507,-37.08332084,38022
2015-06-17 14:56:02,-10.91886207,-37.08206836,38022
2015-06-17 14:56:14,-10.91882467,-37.08122934,38022
2015-06-17 14:56:25,-10.91881538,-37.081075,38022
2015-06-17 14:56:39,-10.91877061,-37.07986658,38022
2015-06-17 14:56:51,-10.91869098,-37.07848371,38022
2015-06-17 14:57:02,-10.91864233,-37.07775867,38022
2015-06-17 14:57:14,-10.91865269,-37.0775175,38022
2015-06-17 14:57:27,-10.91856831,-37.07629687,38022
2015-06-17 14:57:42,-10.91855176,-37.07569787,38022
2015-06-17 14:57:52,-10.91854737,-37.07564774,38022
2015-06-17 14:58:04,-10.91849068,-37.0747999,38022
2015-06-17 14:58:14,-10.91844448,-37.07406287,38022
2015-06-17 14:58:27,-10.91843408,-37.07403168,38022
2015-06-17 14:58:42,-10.91843256,-37.07309893,38022
2015-06-17 14:58:52,-10.91851717,-37.07237012,38022
2015-06-17 14:59:02,-10.91851878,-37.07234989,38022
2015-06-17 14:59:15,-10.91852985,-37.07232843,38022
2015-06-17 14:59:25,-10.91852865,-37.0723224,38022
2015-06-17 14:59:36,-10.91853639,-37.07233137,38022
2015-06-17 14:59:47,-10.91854713,-37.07201445,38022
2015-06-17 14:59:58,-10.91868116,-37.07099514,38022
2015-06-22 09:44:02,-10.95242852,-37.0458232,38024
2015-06-22 09:44:15,-10.95414409,-37.04528565,38024
2015-06-22 09:44:25,-10.95460939,-37.04587582,38024
2015-06-22 09:44:48,-10.95639965,-37.04553198,38024
2015-06-22 09:45:00,-10.95702266,-37.04508007,38024
2015-06-22 09:45:11,-10.95799318,-37.04465475,38024
2015-06-22 09:45:21,-10.95936025,-37.04409726,38024
2015-06-22 09:45:49,-10.96120808,-37.04327066,38024
2015-06-22 09:45:59,-10.96206247,-37.04291012,38024
2015-06-22 09:46:09,-10.96378653,-37.04248178,38024
2015-06-22 09:46:21,-10.9653444,-37.0424432,38024
2015-06-22 09:46:32,-10.96676197,-37.04282756,38024
2015-06-22 09:46:46,-10.96746235,-37.04304137,38024
2015-06-22 09:46:59,-10.96774272,-37.04228911,38024
2015-06-22 09:47:10,-10.96785973,-37.04171297,38024
2015-06-22 09:47:24,-10.96771799,-37.04176964,38024
2015-06-22 09:47:34,-10.96771437,-37.04183993,38024
2015-06-22 09:47:44,-10.96766019,-37.04186081,38024
2015-06-22 09:47:54,-10.9676934,-37.04183379,38024
2015-06-22 09:48:04,-10.96768977,-37.04182039,38024
2015-06-22 09:48:34,-10.97024522,-37.04212995,38024
2015-06-22 09:48:45,-10.97096666,-37.04230189,38024
2015-06-22 09:49:11,-10.97250223,-37.04275528,38024
2015-06-22 09:50:48,-10.97886159,-37.0448991,38024
2015-06-22 09:50:59,-10.97872417,-37.04560716,38024
2015-06-22 09:51:09,-10.97860376,-37.04658624,38024
2015-06-22 09:51:19,-10.97850947,-37.04705676,38024
2015-06-22 09:51:30,-10.97885212,-37.04719625,38024
2015-06-22 09:51:40,-10.97877678,-37.04716388,38024
2015-06-22 09:51:51,-10.97871254,-37.04715824,38024
2015-06-22 09:52:02,-10.97864689,-37.04712727,38024
2015-06-22 09:52:13,-10.97855606,-37.04718114,38024
2015-06-22 09:52:23,-10.97848024,-37.04726478,38024
2015-06-22 09:52:33,-10.97841635,-37.04736804,38024
2015-06-22 09:52:45,-10.97839322,-37.04751657,38024
2015-06-22 09:52:55,-10.97836593,-37.04766079,38024
2015-06-22 09:53:06,-10.9783447,-37.04780835,38024
2015-06-22 09:53:22,-10.97824123,-37.0477593,38024
2015-06-22 09:53:32,-10.97804774,-37.04777563,38024
2015-06-22 09:53:43,-10.97790327,-37.04767453,38024
2015-07-23 09:03:11,-10.92274729,-37.04730431,38031
2015-07-23 09:03:22,-10.9228581,-37.04729399,38031
2015-07-23 09:03:32,-10.92280214,-37.04728913,38031
2015-07-23 09:03:44,-10.92280617,-37.04731056,38031
2015-07-23 09:03:56,-10.92280791,-37.04731061,38031
2015-07-23 09:04:06,-10.92280947,-37.04731444,38031
2015-07-23 09:04:16,-10.92280854,-37.0473147,38031
2015-07-23 09:04:27,-10.92280762,-37.04731471,38031
2015-07-23 09:04:37,-10.92280216,-37.04731432,38031
2015-07-23 09:04:47,-10.92279762,-37.04731432,38031
2015-07-23 09:04:57,-10.92279689,-37.04731565,38031
2015-07-23 09:05:09,-10.92279419,-37.04731569,38031
2015-07-23 09:05:20,-10.9227925,-37.04731602,38031
2015-07-23 09:05:30,-10.92279237,-37.04731602,38031
2015-07-23 09:05:42,-10.92279185,-37.04731774,38031
2015-07-23 09:05:54,-10.92279178,-37.04731914,38031
2015-07-23 09:06:47,-10.92279455,-37.04731518,38031
2015-07-23 09:07:00,-10.9227908,-37.04734716,38031
2015-07-23 09:07:11,-10.92279036,-37.04734605,38031
2015-07-23 09:07:23,-10.92278579,-37.04734441,38031
2015-07-23 09:07:34,-10.92278207,-37.04734275,38031
2015-07-23 09:07:44,-10.92278313,-37.0473437,38031
2015-07-23 09:07:55,-10.92278381,-37.04734432,38031
2015-07-23 09:08:09,-10.92278359,-37.04734444,38031
2015-07-23 09:08:19,-10.92278342,-37.04734454,38031
2015-07-23 09:08:32,-10.92278315,-37.04734424,38031
2015-07-23 09:08:43,-10.92278261,-37.04734373,38031
2015-07-23 09:08:56,-10.92278196,-37.04734347,38031
2015-07-23 09:09:06,-10.92278219,-37.04734334,38031
2015-07-23 09:09:19,-10.92278206,-37.04734315,38031
2015-07-23 09:09:30,-10.92278168,-37.04734324,38031
2015-07-23 09:09:40,-10.9227817,-37.04734289,38031
2015-07-23 09:09:51,-10.92278216,-37.04734281,38031
2015-07-23 09:10:01,-10.92278219,-37.0473425,38031
2015-07-23 09:10:11,-10.92278185,-37.04734208,38031
2015-07-23 09:10:22,-10.92278186,-37.04734207,38031
2015-07-23 09:10:33,-10.92278195,-37.04734188,38031
2015-07-23 09:10:43,-10.92278173,-37.04734218,38031
2015-07-23 09:10:54,-10.92278145,-37.04734199,38031
2015-07-23 09:11:35,-10.92277296,-37.04733742,38031
2015-11-21 07:55:34,-10.9439469274883,-37.0885319323598,38072
2015-11-21 07:55:40,-10.9437753839727,-37.0885420316085,38072
2015-11-21 07:55:47,-10.9435840942099,-37.0885478265356,38072
2015-11-21 07:55:52,-10.9434818373078,-37.0888804505826,38072
2015-11-21 07:55:58,-10.9434649746797,-37.0889406262606,38072
2015-11-21 07:56:05,-10.9434574862313,-37.0889459385159,38072
2015-11-21 07:56:10,-10.9434526124008,-37.0889712793312,38072
2015-11-21 07:56:17,-10.9434303949964,-37.0891617881025,38072
2015-11-21 07:56:23,-10.9436691096665,-37.0893361503751,38072
2015-11-21 07:56:29,-10.943941820724,-37.0894953131393,38072
2015-11-21 07:56:36,-10.9442274887776,-37.089609898815,38072
2015-11-21 07:56:46,-10.9442202216263,-37.0893055001269,38072
2015-11-21 07:56:55,-10.9441720278973,-37.0884638742131,38072
2015-11-21 07:57:05,-10.9443705022145,-37.0880202060219,38072
2015-11-21 07:57:11,-10.9444785386408,-37.087918338172,38072
2015-11-21 07:57:18,-10.9442389853819,-37.0875763231705,38072
2015-11-21 07:57:26,-10.9437559478979,-37.0870228582529,38072
2015-11-21 07:57:35,-10.943574533945,-37.0864300268887,38072
2015-11-21 07:57:40,-10.9434887769441,-37.0860159607842,38072
2015-11-21 07:57:46,-10.9433393304275,-37.0853972262167,38072
2015-11-21 07:57:57,-10.9429673860508,-37.0838905808828,38072
2015-11-21 07:58:07,-10.9426315832651,-37.0826214139948,38072
2015-11-21 07:58:17,-10.9425196911903,-37.0821220401625,38072
2015-11-21 07:58:23,-10.9424015515133,-37.0816519325076,38072
2015-11-21 07:58:29,-10.9422500623267,-37.0810420217306,38072
2015-11-21 07:58:34,-10.9421215672143,-37.0804855873305,38072
2015-11-21 07:58:43,-10.9417208011104,-37.0794971636105,38072
2015-11-21 07:58:48,-10.941427298495,-37.0791714992063,38072
2015-11-21 07:58:55,-10.9415880042838,-37.0788115404651,38072
2015-11-21 07:59:01,-10.9420034446274,-37.0783785306936,38072
2015-11-21 07:59:09,-10.9426007069831,-37.0777647428871,38072
2015-11-21 07:59:17,-10.9431363279652,-37.0772132529199,38072
2015-11-21 07:59:23,-10.943723331173,-37.0766296163879,38072
2015-11-21 07:59:29,-10.9443726954794,-37.0759886329409,38072
2015-11-21 07:59:38,-10.9454645597323,-37.0749418279918,38072
2015-11-21 07:59:50,-10.9469635934106,-37.073470186046,38072
2015-11-21 07:59:56,-10.9476712562322,-37.0727618304774,38072
2015-11-21 08:00:01,-10.9482851033889,-37.0721444018713,38072
2015-11-21 08:00:10,-10.9493974458988,-37.0709814104724,38072
2015-11-21 08:00:16,-10.9500034480808,-37.0700529196301,38072
2015-11-21 11:59:15,-10.9676289476968,-37.0594990301486,38073
2015-11-21 11:59:21,-10.9676272855187,-37.0594998833016,38073
2015-11-21 11:59:27,-10.9676190122797,-37.0594953791321,38073
2015-11-21 11:59:32,-10.9676166606255,-37.0594985932616,38073
2015-11-21 11:59:39,-10.9675939517871,-37.0595087905279,38073
2015-11-21 11:59:47,-10.9675936552821,-37.0595161824437,38073
2015-11-21 11:59:54,-10.9675773354891,-37.059525795779,38073
2015-11-21 12:00:00,-10.9676326010088,-37.0595725306899,38073
2015-11-21 12:00:05,-10.9677411948994,-37.0596219516348,38073
2015-11-21 12:00:13,-10.9680236410254,-37.0598457411946,38073
2015-11-21 12:00:19,-10.9682713409322,-37.0600478805798,38073
2015-11-21 12:00:24,-10.9683632930694,-37.0600927059685,38073
2015-11-21 12:00:30,-10.9684904586235,-37.0600101380775,38073
2015-11-21 12:00:38,-10.9688167283846,-37.0595406512027,38073
2015-11-21 12:00:50,-10.9690941872537,-37.0591378088123,38073
2015-11-21 12:01:03,-10.9693813328379,-37.0586646637498,38073
2015-11-21 12:01:14,-10.9697025210917,-37.0592221003696,38073
2015-11-21 12:01:20,-10.9697033541306,-37.0599003649205,38073
2015-11-21 12:01:26,-10.9697137060674,-37.0605361135868,38073
2015-11-21 12:01:31,-10.9697162506293,-37.0608519434937,38073
2015-11-21 12:01:37,-10.9698372348733,-37.0608983023144,38073
2015-11-21 12:01:43,-10.9698396247101,-37.0604362196572,38073
2015-11-21 12:01:48,-10.9698292205022,-37.0598768415796,38073
2015-11-21 12:01:53,-10.9698424567914,-37.0592066518501,38073
2015-11-21 12:01:59,-10.9698267797879,-37.0583394181603,38073
2015-11-21 12:02:05,-10.9700911186279,-37.0575552743647,38073
2015-11-21 12:02:10,-10.9704399260099,-37.0570613244203,38073
2015-11-21 12:02:15,-10.970618769951,-37.0566171807425,38073
2015-11-21 12:02:21,-10.9706406649278,-37.0561394223045,38073
2015-11-21 12:02:26,-10.9706693627801,-37.0559398792345,38073
2015-11-21 12:02:31,-10.9709597559809,-37.0556904580177,38073
2015-11-21 12:02:38,-10.971040437174,-37.0550652545538,38073
2015-11-21 12:02:45,-10.9706611966201,-37.0545934185806,38073
2015-11-21 12:02:52,-10.970604947784,-37.0540676711873,38073
2015-11-21 12:02:58,-10.9706035232172,-37.0540505312101,38073
2015-11-21 12:03:05,-10.9706035232172,-37.0540505312101,38073
2015-11-21 12:03:13,-10.9706035232172,-37.0540505312101,38073
2015-11-21 12:03:18,-10.9706035232172,-37.0540505312101,38073
2015-11-21 12:03:26,-10.9706035232172,-37.0540505312101,38073
2015-11-21 12:03:37,-10.9706035232172,-37.0540505312101,38073
2015-11-21 13:00:24,-10.9438633022231,-37.0886297614986,38074
2015-11-21 13:00:30,-10.9438157185689,-37.0886062642042,38074
2015-11-21 13:00:35,-10.9438178068209,-37.0886166078364,38074
2015-11-21 13:00:43,-10.9438136704928,-37.0885946662247,38074
2015-11-21 13:00:52,-10.943754700697,-37.0886027117311,38074
2015-11-21 13:00:58,-10.9435509278279,-37.0885967064106,38074
2015-11-21 13:01:04,-10.9434172276644,-37.0886871579568,38074
2015-11-21 13:01:12,-10.9433911798497,-37.0889246691042,38074
2015-11-21 13:01:18,-10.9434040689445,-37.088924256438,38074
2015-11-21 13:01:23,-10.9434017338508,-37.089025418495,38074
2015-11-21 13:01:31,-10.9435123067766,-37.089225078227,38074
2015-11-21 13:01:36,-10.9438159557901,-37.0893760272723,38074
2015-11-21 13:01:47,-10.9442799406217,-37.0895909705163,38074
2015-11-21 13:01:53,-10.9442601586786,-37.0894091557399,38074
2015-11-21 13:02:01,-10.9441629706845,-37.0888960641174,38074
2015-11-21 13:02:11,-10.9442872932601,-37.0880595921627,38074
2015-11-21 13:02:19,-10.9444509367981,-37.0877329162668,38074
2015-11-21 13:02:25,-10.9441909768865,-37.0875005274735,38074
2015-11-21 13:02:34,-10.9438519591793,-37.0871143994878,38074
2015-11-21 13:02:41,-10.9436612768552,-37.0867407320034,38074
2015-11-21 13:02:46,-10.9435994145946,-37.0865226984328,38074
2015-11-21 13:02:53,-10.9435278704656,-37.0861506015412,38074
2015-11-21 13:03:01,-10.9433214573125,-37.0852870075497,38074
2015-11-21 13:03:08,-10.9431494493627,-37.0846069223998,38074
2015-11-21 13:03:13,-10.9430368829419,-37.084107066193,38074
2015-11-21 13:03:20,-10.9428355409912,-37.0833051596057,38074
2015-11-21 13:03:26,-10.9426323926117,-37.082539277292,38074
2015-11-21 13:03:31,-10.9425405478615,-37.0822026838829,38074
2015-11-21 13:03:36,-10.9424751255444,-37.0819650056649,38074
2015-11-21 13:03:42,-10.942359861473,-37.0814958488659,38074
2015-11-21 13:03:48,-10.9421787222398,-37.0808270438983,38074
2015-11-21 13:03:53,-10.942020991735,-37.0802236615999,38074
2015-11-21 13:04:00,-10.941685585509,-37.0795000821815,38074
2015-11-21 13:04:07,-10.9414447695062,-37.0790415426258,38074
2015-11-21 13:04:12,-10.9416776182808,-37.0787248444846,38074
2015-11-21 13:04:19,-10.9422766395378,-37.0780899072275,38074
2015-11-21 13:04:25,-10.9428723756282,-37.0774917652512,38074
2015-11-21 13:04:30,-10.9433395418091,-37.0770343180294,38074
2015-11-21 13:04:36,-10.9438881729723,-37.0765054726177,38074
2015-11-21 13:04:42,-10.9444333606241,-37.0759991112243,38074
2015-11-21 14:45:59,-10.9734408023891,-37.0684858122749,38075
2015-11-21 14:46:07,-10.9733491771931,-37.0684820516239,38075
2015-11-21 14:46:13,-10.9730911741954,-37.0687298491369,38075
2015-11-21 14:46:18,-10.9728551138974,-37.0690133017197,38075
2015-11-21 14:46:23,-10.9727492191383,-37.0690941097416,38075
2015-11-21 14:46:28,-10.9727492191383,-37.0690941097416,38075
2015-11-21 14:46:37,-10.9727492191383,-37.0690941097416,38075
2015-11-21 14:46:43,-10.9726920126994,-37.0691576762351,38075
2015-11-21 14:46:49,-10.9724215441387,-37.068927945334,38075
2015-11-21 14:46:56,-10.9718302898302,-37.0684312942066,38075
2015-11-21 14:47:04,-10.9709493147313,-37.0677207365014,38075
2015-11-21 14:47:13,-10.9702527945967,-37.0671316782087,38075
2015-11-21 14:47:18,-10.9700417562062,-37.0669636906883,38075
2015-11-21 14:47:26,-10.9693639637243,-37.066406400996,38075
2015-11-21 14:47:32,-10.9687010579344,-37.0658808388687,38075
2015-11-21 14:47:47,-10.9668183795629,-37.0648342669351,38075
2015-11-21 14:47:53,-10.9662340854025,-37.06537102814,38075
2015-11-21 14:48:00,-10.9659483429504,-37.0665246686009,38075
2015-11-21 14:48:06,-10.965695376819,-37.0676339258315,38075
2015-11-21 14:48:11,-10.9654364758245,-37.0684768460904,38075
2015-11-21 14:48:17,-10.9646046509252,-37.0689396727652,38075
2015-11-21 14:48:22,-10.9636381043738,-37.0689455801405,38075
2015-11-21 14:48:31,-10.9617355561211,-37.069008679108,38075
2015-11-21 14:48:40,-10.9598663042523,-37.0691354992981,38075
2015-11-21 14:48:45,-10.9588907822208,-37.0692424185582,38075
2015-11-21 14:48:50,-10.9578984124736,-37.0692730593866,38075
2015-11-21 14:48:56,-10.9567241881379,-37.0693302587072,38075
2015-11-21 14:49:03,-10.9554433432776,-37.0691699170736,38075
2015-11-21 14:49:10,-10.9546393296958,-37.0687373826904,38075
2015-11-21 14:49:15,-10.9544239009059,-37.0686223914281,38075
2015-11-21 14:49:22,-10.9538137658006,-37.068288527615,38075
2015-11-21 14:49:28,-10.9531157642572,-37.0678900514631,38075
2015-11-21 14:49:39,-10.9520488219944,-37.0673122534995,38075
2015-11-21 14:49:44,-10.9517405985733,-37.0671610948392,38075
2015-11-21 14:49:56,-10.9507892926126,-37.0665951248766,38075
2015-11-21 14:50:01,-10.9505340558069,-37.0663736256613,38075
2015-11-21 14:50:09,-10.9502899413853,-37.0661227000314,38075
2015-11-21 14:50:17,-10.9502105084987,-37.0660733982086,38075
2015-11-21 14:50:23,-10.9502105084987,-37.0660733982086,38075
2015-11-21 14:50:30,-10.9502105084987,-37.0660733982086,38075
2015-11-21 16:55:02,-10.9437795316226,-37.0885876060315,38076
2015-11-21 16:55:10,-10.9437362861446,-37.0887674076652,38076
2015-11-21 16:55:16,-10.9437362861446,-37.0887674076652,38076
2015-11-21 16:55:21,-10.9437362861446,-37.0887674076652,38076
2015-11-21 16:55:30,-10.9437362861446,-37.0887674076652,38076
2015-11-21 16:55:35,-10.9437609173646,-37.0887177575073,38076
2015-11-21 16:55:42,-10.943720138288,-37.0887262342449,38076
2015-11-21 16:55:47,-10.943581179903,-37.0887175810302,38076
2015-11-21 16:55:57,-10.9433912406491,-37.0887524478533,38076
2015-11-21 16:56:04,-10.9434018923238,-37.0888799375344,38076
2015-11-21 16:56:11,-10.9433869592005,-37.0889243763077,38076
2015-11-21 16:56:16,-10.9433770981674,-37.0890803389268,38076
2015-11-21 16:56:28,-10.9437842406558,-37.0894153551759,38076
2015-11-21 16:56:33,-10.9439178871324,-37.0894590137289,38076
2015-11-21 16:56:39,-10.9441507074519,-37.0892303790078,38076
2015-11-21 16:56:46,-10.9442289293391,-37.0886283478736,38076
2015-11-21 16:56:56,-10.944356403522,-37.08806775769,38076
2015-11-21 16:57:02,-10.9444530613931,-37.087899010761,38076
2015-11-21 16:57:10,-10.9442309999866,-37.0874879799287,38076
2015-11-21 16:57:16,-10.9439238660406,-37.0871552943673,38076
2015-11-21 16:57:21,-10.9436988416417,-37.0868358382131,38076
2015-11-21 16:57:27,-10.9435831485854,-37.0864913770001,38076
2015-11-21 16:57:33,-10.9435049599933,-37.0861731402062,38076
2015-11-21 16:57:42,-10.943280060547,-37.0853281921809,38076
2015-11-21 16:57:48,-10.9431782540767,-37.0847303524518,38076
2015-11-21 16:57:57,-10.9429605680815,-37.0837977153124,38076
2015-11-21 16:58:03,-10.9428099142806,-37.083187867364,38076
2015-11-21 16:58:08,-10.942669448516,-37.0826454562582,38076
2015-11-21 16:58:14,-10.9425570180387,-37.0821821809671,38076
2015-11-21 16:58:25,-10.9424148656965,-37.0816545783702,38076
2015-11-21 16:58:36,-10.9420652976922,-37.0802628506187,38076
2015-11-21 16:58:42,-10.9419354111664,-37.0797518335012,38076
2015-11-21 16:58:50,-10.9414771814123,-37.079239749718,38076
2015-11-21 16:58:56,-10.9415571446035,-37.0788936685645,38076
2015-11-21 16:59:01,-10.9419400269941,-37.0784352939283,38076
2015-11-21 16:59:07,-10.9423353348387,-37.0780137091411,38076
2015-11-21 16:59:17,-10.9433361520202,-37.0769434162614,38076
2015-11-21 16:59:23,-10.9438899106111,-37.0763903409589,38076
2015-11-21 16:59:28,-10.9444164546025,-37.0758684918809,38076
2015-11-21 16:59:33,-10.9449372075366,-37.075362370898,38076
2015-11-23 07:07:52,-10.9436380174619,-37.0683981055687,38079
2015-11-23 07:07:57,-10.9436380174619,-37.0683981055687,38079
2015-11-23 07:08:08,-10.943155240431,-37.0678346674601,38079
2015-11-23 07:08:13,-10.9429563556303,-37.0676254032845,38079
2015-11-23 07:08:19,-10.942620603336,-37.0672600174349,38079
2015-11-23 07:08:24,-10.9424033003317,-37.0669833778857,38079
2015-11-23 07:08:30,-10.9423782234827,-37.0669428964081,38079
2015-11-23 07:08:35,-10.9423782234827,-37.0669428964081,38079
2015-11-23 07:08:44,-10.9422570291092,-37.0666342007333,38079
2015-11-23 07:08:49,-10.9422706927616,-37.0661268220149,38079
2015-11-23 07:08:54,-10.9423254483315,-37.0654539719874,38079
2015-11-23 07:09:00,-10.9423897765613,-37.0645385059884,38079
2015-11-23 07:09:06,-10.9424609992802,-37.0635938214363,38079
2015-11-23 07:09:16,-10.9426141431067,-37.062104096602,38079
2015-11-23 07:09:22,-10.9426847034545,-37.0615520727706,38079
2015-11-23 07:09:28,-10.942603493462,-37.0615942178517,38079
2015-11-23 07:09:34,-10.9425543775945,-37.0620380921855,38079
2015-11-23 07:09:39,-10.9425155326415,-37.0626069608794,38079
2015-11-23 07:09:45,-10.9424570475167,-37.0634540746588,38079
2015-11-23 07:09:51,-10.9423853395216,-37.0644150352996,38079
2015-11-23 07:09:57,-10.9423036328428,-37.0653946927881,38079
2015-11-23 07:10:02,-10.9422526254865,-37.0660591041528,38079
2015-11-23 07:10:10,-10.9422374441584,-37.0662668886729,38079
2015-11-23 07:10:15,-10.9422374441584,-37.0662668886729,38079
2015-11-23 07:10:20,-10.9422374441584,-37.0662668886729,38079
2015-11-23 07:10:28,-10.9422374441584,-37.0662668886729,38079
2015-11-23 07:10:35,-10.942235985725,-37.0663144434649,38079
2015-11-23 07:10:41,-10.9422164706871,-37.0666488814837,38079
2015-11-23 07:10:52,-10.9424642762923,-37.0674178037468,38079
2015-11-23 07:10:58,-10.9429114125918,-37.0679569202889,38079
2015-11-23 07:11:05,-10.9433898376112,-37.0685305162228,38079
2015-11-23 07:11:11,-10.9436722464451,-37.068839706292,38079
2015-11-23 07:11:16,-10.9438624402373,-37.0690658245689,38079
2015-11-23 07:11:21,-10.9439946358985,-37.0692292889635,38079
2015-11-23 07:11:28,-10.9442132478444,-37.0694752009214,38079
2015-11-23 07:11:37,-10.94453609919,-37.0698774719133,38079
2015-11-23 07:11:42,-10.9447468983555,-37.07015018485,38079
2015-11-23 07:11:48,-10.9449361227013,-37.0704264550429,38079
2015-11-23 07:11:55,-10.9451318825263,-37.0706520259748,38079
2015-11-23 07:12:01,-10.9451830478652,-37.0706925056833,38079
2015-11-23 14:48:05,-10.9389523091147,-37.0629235130891,38081
2015-11-23 14:48:18,-10.9389523091147,-37.0629235130891,38081
2015-11-23 14:48:23,-10.9389523091147,-37.0629235130891,38081
2015-11-23 14:48:32,-10.9390803273277,-37.0629798064216,38081
2015-11-23 14:48:39,-10.9395148049126,-37.0629315033314,38081
2015-11-23 14:48:47,-10.9402344214383,-37.0628525264811,38081
2015-11-23 14:48:52,-10.9404272731374,-37.0628672453613,38081
2015-11-23 14:49:02,-10.940683813061,-37.0628511493169,38081
2015-11-23 14:49:09,-10.9407357563084,-37.0628358886853,38081
2015-11-23 14:49:16,-10.940995500487,-37.0628945597414,38081
2015-11-23 14:49:21,-10.9411736719512,-37.0629372203615,38081
2015-11-23 14:49:30,-10.9416409220883,-37.0630138159129,38081
2015-11-23 14:49:38,-10.9420744504507,-37.0630817810481,38081
2015-11-23 14:49:45,-10.9424394464374,-37.0632120511631,38081
2015-11-23 14:49:50,-10.9424935038068,-37.0634924741022,38081
2015-11-23 14:49:57,-10.9423836465429,-37.0642011339104,38081
2015-11-23 14:50:03,-10.9422926464171,-37.0650562915214,38081
2015-11-23 14:50:12,-10.9421538541529,-37.0662045937081,38081
2015-11-23 14:50:17,-10.9421336021108,-37.0664013927448,38081
2015-11-23 14:50:22,-10.9421336021108,-37.0664013927448,38081
2015-11-23 14:50:28,-10.9421336021108,-37.0664013927448,38081
2015-11-23 14:50:33,-10.9421336021108,-37.0664013927448,38081
2015-11-23 14:50:39,-10.9421294653335,-37.0667163520452,38081
2015-11-23 14:50:47,-10.9422706197993,-37.0672849800111,38081
2015-11-23 14:50:53,-10.9425719933166,-37.0676757213303,38081
2015-11-23 14:50:59,-10.9429050675702,-37.0680547391777,38081
2015-11-23 14:51:07,-10.9433200831847,-37.0685663880964,38081
2015-11-23 14:51:15,-10.9434561179471,-37.0687764258137,38081
2015-11-23 14:51:20,-10.9434561179471,-37.0687764258137,38081
2015-11-23 14:51:29,-10.9434561179471,-37.0687764258137,38081
2015-11-23 14:51:36,-10.9434561179471,-37.0687764258137,38081
2015-11-23 14:51:42,-10.9434052609273,-37.0687777690147,38081
2015-11-23 14:51:47,-10.9434052609273,-37.0687777690147,38081
2015-11-23 14:51:53,-10.9434052609273,-37.0687777690147,38081
2015-11-23 14:51:58,-10.9434052609273,-37.0687777690147,38081
2015-11-23 14:52:09,-10.9435714929943,-37.0688848749377,38081
2015-11-23 14:52:15,-10.9439086252743,-37.0692642871021,38081
2015-11-23 14:52:20,-10.9442534886687,-37.0696505655135,38081
2015-11-23 14:52:25,-10.9446300839869,-37.0700268049752,38081
2015-11-23 14:52:30,-10.9449097816776,-37.070358263065,38081
2015-11-23 22:10:04,-10.9677663031098,-37.0592945074045,38082
2015-11-23 22:10:13,-10.9677268343072,-37.059385128874,38082
2015-11-23 22:10:21,-10.9677268343072,-37.059385128874,38082
2015-11-23 22:10:26,-10.9677268343072,-37.059385128874,38082
2015-11-23 22:10:33,-10.9676578344882,-37.0594478234545,38082
2015-11-23 22:10:38,-10.967644868257,-37.0594524578444,38082
2015-11-23 22:10:45,-10.9676266207148,-37.0594660214813,38082
2015-11-23 22:10:50,-10.9675893714559,-37.0594889221846,38082
2015-11-23 22:10:55,-10.9675721427919,-37.0594982987912,38082
2015-11-23 22:11:01,-10.9674445209972,-37.0594229871947,38082
2015-11-23 22:11:07,-10.9673809067305,-37.0593913086413,38082
2015-11-23 22:11:15,-10.9671257492551,-37.0592590621056,38082
2015-11-23 22:11:21,-10.9669740904173,-37.0591749042069,38082
2015-11-23 22:11:27,-10.9667465169135,-37.0590817942694,38082
2015-11-23 22:11:33,-10.9664893685977,-37.0589186428076,38082
2015-11-23 22:11:39,-10.9666372557372,-37.0586473722727,38082
2015-11-23 22:11:46,-10.9668522578286,-37.058365991286,38082
2015-11-23 22:11:55,-10.9671332753001,-37.0579813070457,38082
2015-11-23 22:12:00,-10.9672791765305,-37.0577645553239,38082
2015-11-23 22:12:06,-10.9674484584282,-37.0575296959053,38082
2015-11-23 22:12:11,-10.9676026852386,-37.0573327844075,38082
2015-11-23 22:12:21,-10.9679167783947,-37.0569412739798,38082
2015-11-23 22:12:29,-10.9679574311285,-37.0568901775595,38082
2015-11-23 22:12:34,-10.9679712614393,-37.0568684352051,38082
2015-11-23 22:12:43,-10.9679908524062,-37.0568033720196,38082
2015-11-23 22:12:48,-10.9680013717363,-37.0567774104232,38082
2015-11-23 22:12:55,-10.9680041319369,-37.056769330994,38082
2015-11-23 22:13:02,-10.9680041319369,-37.056769330994,38082
2015-11-23 22:13:09,-10.9680556653955,-37.0566912958778,38082
2015-11-23 22:13:15,-10.9680962441441,-37.0566284149711,38082
2015-11-23 22:13:27,-10.9683916106582,-37.0563912945286,38082
2015-11-23 22:13:36,-10.9690610741812,-37.0563759451733,38082
2015-11-23 22:13:45,-10.9691652976882,-37.0556437154725,38082
2015-11-23 22:13:50,-10.9692491482677,-37.0553207747519,38082
2015-11-23 22:13:57,-10.9697291005991,-37.0553663189957,38082
2015-11-23 22:14:02,-10.9698992752988,-37.0554037239133,38082
2015-11-23 22:14:09,-10.9701337533475,-37.0555655666455,38082
2015-11-23 22:14:14,-10.9703159405554,-37.0558406421228,38082
2015-11-23 22:14:19,-10.9706513024789,-37.0559073544126,38082
2015-11-23 22:14:29,-10.9710847957823,-37.0554502558194,38082
